,X0,X1,y
0,0.3745401188473625,0.6981617140197451,0.0
1,0.9507143064099162,0.5360963663441204,0.0
2,0.7319939418114051,0.30952761628632774,0.0
3,0.5986584841970366,0.8137950197069487,0.0
4,0.15601864044243652,0.6847311725538793,0.0
5,0.15599452033620265,0.1626169393448913,0.0
6,0.05808361216819946,0.9109271844938425,0.0
7,0.8661761457749352,0.822537242923169,0.0
8,0.6011150117432088,0.949799913291924,0.0
9,0.7080725777960455,0.72571950838836,0.0
10,0.020584494295802447,0.6134151959357899,0.0
11,0.9699098521619943,0.4182430362906189,0.0
12,0.8324426408004217,0.9327284833540133,0.0
13,0.21233911067827616,0.8660638895004084,0.0
14,0.18182496720710062,0.04521867010618941,0.0
15,0.18340450985343382,0.026366974497252005,0.0
16,0.3042422429595377,0.3764633668780496,0.0
17,0.5247564316322378,0.8105533307818329,0.0
18,0.43194501864211576,0.9872761293149445,0.0
19,0.2912291401980419,0.15041689110352818,0.0
20,0.6118528947223795,0.5941307153521351,0.0
21,0.13949386065204183,0.3808908566310215,0.0
22,0.29214464853521815,0.9699143978146032,0.0
23,0.3663618432936917,0.8421189231357087,0.0
24,0.45606998421703593,0.8383287047111379,0.0
25,0.7851759613930136,0.4686931597949703,0.0
26,0.19967378215835974,0.4148195023376652,0.0
27,0.5142344384136116,0.27340707193070624,0.0
28,0.5924145688620425,0.056375496650927115,0.0
29,0.046450412719997725,0.8647223762550532,0.0
30,0.6075448519014384,0.8129010091300776,0.0
31,0.17052412368729153,0.9997176732861306,0.0
32,0.06505159298527952,0.9966368370739054,0.0
33,0.9488855372533332,0.5554317056026274,0.0
34,0.9656320330745594,0.7689874151805105,0.0
35,0.8083973481164611,0.944765729882428,0.0
36,0.3046137691733707,0.8496473906774115,0.0
37,0.09767211400638387,0.24734810174319766,0.0
38,0.6842330265121569,0.4505441353100935,0.0
39,0.4401524937396013,0.12915941515149498,0.0
40,0.12203823484477883,0.9540510272587224,0.0
41,0.4951769101112702,0.60617463445088,0.0
42,0.034388521115218396,0.22864280550346272,0.0
43,0.9093204020787821,0.6717006844058567,0.0
44,0.2587799816000169,0.6181282404578958,0.0
45,0.662522284353982,0.3581627180328405,0.0
46,0.31171107608941095,0.11355759219962902,0.0
47,0.5200680211778108,0.6715731955927996,0.0
48,0.5467102793432796,0.5203077009037933,0.0
49,0.18485445552552704,0.7723183917356393,0.0
50,0.9695846277645586,0.5201635011119934,0.0
51,0.7751328233611146,0.8521815003185401,0.0
52,0.9394989415641891,0.5519068387744855,0.0
53,0.8948273504276488,0.5609379715353863,0.0
54,0.5978999788110851,0.876653602658345,0.0
55,0.9218742350231168,0.40348286621239704,0.0
56,0.0884925020519195,0.13401522845064073,0.0
57,0.1959828624191452,0.028782676313338973,0.0
58,0.045227288910538066,0.755137255673619,0.0
59,0.32533033076326434,0.6203095513534647,0.0
60,0.388677289689482,0.7040797680992236,0.0
61,0.2713490317738959,0.21296416150891073,0.0
62,0.8287375091519293,0.13637147558676976,0.0
63,0.3567533266935893,0.014544665667881929,0.0
64,0.28093450968738076,0.350587558806597,0.0
65,0.5426960831582485,0.5899176868546331,0.0
66,0.14092422497476265,0.3922440450997323,0.0
67,0.8021969807540397,0.43747492202372906,0.0
68,0.07455064367977082,0.9041586944937484,0.0
69,0.9868869366005173,0.34825546702330035,0.0
70,0.7722447692966574,0.5139894891598108,0.0
71,0.1987156815341724,0.7836530127411431,0.0
72,0.005522117123602399,0.39654278232127016,0.0
73,0.8154614284548342,0.6220867002278735,0.0
74,0.7068573438476171,0.8623637087467452,0.0
75,0.7290071680409873,0.9495206236576421,0.0
76,0.7712703466859457,0.14707348092903794,0.0
77,0.07404465173409036,0.9265876251614944,0.0
78,0.3584657285442726,0.4921162930795382,0.0
79,0.11586905952512971,0.25824438829895835,0.0
80,0.8631034258755935,0.4591357562382613,0.0
81,0.6232981268275579,0.980032575285477,0.0
82,0.3308980248526492,0.4926180939928696,0.0
83,0.06355835028602363,0.3287516102875082,0.0
84,0.3109823217156622,0.6334008543167258,0.0
85,0.32518332202674705,0.24014561877819307,0.0
86,0.7296061783380641,0.07586332810866392,0.0
87,0.6375574713552131,0.12887972191064923,0.0
88,0.8872127425763265,0.12804583895777244,0.0
89,0.4722149251619493,0.15190269351229435,0.0
90,0.1195942459383017,0.13882717264941014,0.0
91,0.713244787222995,0.6408747448032146,0.0
92,0.7607850486168974,0.18188008439914483,0.0
93,0.5612771975694962,0.3456672833238632,0.0
94,0.770967179954561,0.8967884099060118,0.0
95,0.49379559636439074,0.47396164026287235,0.0
96,0.5227328293819941,0.6675577385210272,0.0
97,0.42754101835854963,0.17231987120162984,0.0
98,0.02541912674409519,0.19228901880867078,0.0
99,0.10789142699330445,0.04086861626647886,0.0
100,0.03142918568673425,0.16893506307216455,0.0
101,0.6364104112637804,0.2785903390319586,0.0
102,0.3143559810763267,0.17701048427674682,0.0
103,0.5085706911647028,0.08870253375705561,0.0
104,0.907566473926093,0.12063587110060081,0.0
105,0.24929222914887494,0.46077876803272577,0.0
106,0.41038292303562973,0.2063337184057925,0.0
107,0.7555511385430487,0.36426986104807546,0.0
108,0.22879816549162246,0.5034172708548569,0.0
109,0.07697990982879299,0.6903948286293653,0.0
110,0.289751452913768,0.039312139841098936,0.0
111,0.16122128725400442,0.7994103989090426,0.0
112,0.9296976523425731,0.6279003894909078,0.0
113,0.808120379564417,0.08175903194887191,0.0
114,0.6334037565104235,0.8735786241067772,0.0
115,0.8714605901877177,0.9208724005318132,0.0
116,0.8036720768991145,0.06107795985486375,0.0
117,0.18657005888603584,0.2768776481472037,0.0
118,0.8925589984899778,0.8062012797930613,0.0
119,0.5393422419156507,0.7482596903836584,0.0
120,0.8074401551640625,0.18452101935637732,0.0
121,0.8960912999234932,0.2093493233367103,0.0
122,0.3180034749718639,0.370472102791382,0.0
123,0.11005192452767676,0.4845229851910213,0.0
124,0.22793516254194168,0.618254771530296,0.0
125,0.4271077886262563,0.3689136395697724,0.0
126,0.8180147659224931,0.4625347161331479,0.0
127,0.8607305832563434,0.7474709381337565,0.0
128,0.006952130531190703,0.0366832028905979,0.0
129,0.5107473025775657,0.25243694434402075,0.0
130,0.417411003148779,0.7133495858845524,0.0
131,0.22210781047073025,0.8952068376871993,0.0
132,0.1198653673336828,0.5116774421156661,0.0
133,0.33761517140362796,0.5321134852653157,0.0
134,0.9429097039125192,0.10717201133977605,0.0
135,0.32320293202075523,0.44741236682345464,0.0
136,0.5187906217433661,0.5326172664550232,0.0
137,0.7030189588951778,0.24247050363472966,0.0
138,0.363629602379294,0.26924323094938096,0.0
139,0.9717820827209607,0.37728416310462265,0.0
140,0.9624472949421112,0.02007119777772637,0.0
141,0.25178229582536416,0.3220791655831783,0.0
142,0.49724850589238545,0.21144800699654465,0.0
143,0.30087830981676966,0.32749735217791465,0.0
144,0.2848404943774676,0.11976213181925122,0.0
145,0.036886947354532795,0.890527280739895,0.0
146,0.6095643339798968,0.5935924535540487,0.0
147,0.5026790232288615,0.6791023191444896,0.0
148,0.05147875124998935,0.7891712386073383,0.0
149,0.27864646423661144,0.4984421989290573,0.0
150,0.9082658859666537,0.08692028808742369,0.0
151,0.23956189066697242,0.5371065418185478,0.0
152,0.1448948720912231,0.5868411180208791,0.0
153,0.489452760277563,0.74543947418433,0.0
154,0.9856504541106007,0.4316595462296794,0.0
155,0.2420552715115004,0.12758030279556376,0.0
156,0.6721355474058786,0.28377590579872447,0.0
157,0.7616196153287176,0.3630822963986351,0.0
158,0.23763754399239967,0.6459172413316012,0.0
159,0.7282163486118596,0.5707783046689119,0.0
160,0.3677831327192532,0.35609672589784624,0.0
161,0.6323058305935795,0.9865152487929797,0.0
162,0.6335297107608947,0.6057748193568872,0.0
163,0.5357746840747585,0.23722679173599448,0.0
164,0.0902897700544083,0.10178247262040374,0.0
165,0.835302495589238,0.15285913918433203,0.0
166,0.32078006497173583,0.24595772838450813,0.0
167,0.18651851039985423,0.16068137325955567,0.0
168,0.040775141554763916,0.18656702405130576,0.0
169,0.5908929431882418,0.2850951686938471,0.0
170,0.6775643618422824,0.17337359529475482,0.0
171,0.016587828927856152,0.8967654246264252,0.0
172,0.512093058299281,0.08023374566164221,0.0
173,0.22649577519793795,0.5245113895702547,0.0
174,0.6451727904094499,0.4103968269896615,0.0
175,0.17436642900499144,0.9823786169086064,0.0
176,0.690937738102466,0.11203890216805235,0.0
177,0.3867353463005374,0.39785559904574164,0.0
178,0.9367299887367345,0.9694704332753689,0.0
179,0.13752094414599325,0.8655071258939803,0.0
180,0.3410663510502585,0.8170720709492799,0.0
181,0.11347352124058907,0.25790282704493983,0.0
182,0.9246936182785628,0.17088758739006582,0.0
183,0.877339353380981,0.668643219924431,0.0
184,0.2579416277151556,0.9293759891275858,0.0
185,0.659984046034179,0.5567628930139298,0.0
186,0.8172222002012158,0.5716126894698998,0.0
187,0.5552008115994623,0.2799790936602842,0.0
188,0.5296505783560065,0.7694929331919369,0.0
189,0.24185229090045168,0.18704374855752337,0.0
190,0.09310276780589921,0.3236792364042437,0.0
191,0.8972157579533268,0.4254364386164168,0.0
192,0.9004180571633305,0.507610378684455,0.0
193,0.6331014572732679,0.24240973241508024,0.0
194,0.3390297910487007,0.11483682473920354,0.0
195,0.3492095746126609,0.6106200424416326,0.0
196,0.7259556788702394,0.28863055324025577,0.0
197,0.8971102599525771,0.5812382214226123,0.0
198,0.8870864242651173,0.1543627152742023,0.0
199,0.7798755458576239,0.4811401018548175,0.0
200,0.6420316461542878,0.5325894325515859,0.0
201,0.08413996499504883,0.05182353682242691,0.0
202,0.16162871409461377,0.3366042781939206,0.0
203,0.8985541885270792,0.13441467693897424,0.0
204,0.6064290596595899,0.06337497047276774,0.0
205,0.009197051616629648,0.9899602323899452,0.0
206,0.1014715428660321,0.32235384497472297,0.0
207,0.6635017691080558,0.8098744458546349,0.0
208,0.005061583846218687,0.25464065476376385,0.0
209,0.16080805141749865,0.6815027222239293,0.0
210,0.5487337893665861,0.7602278598896866,0.0
211,0.6918951976926933,0.5956387406078443,0.0
212,0.6519612595026005,0.47157618855015837,0.0
213,0.22426930946055978,0.41184091414726853,0.0
214,0.7121792213475359,0.3488682665429953,0.0
215,0.23724908749680007,0.9295291442478258,0.0
216,0.3253996981592677,0.8306194077877291,0.0
217,0.7464914051180241,0.9650269106665126,0.0
218,0.6496328990472147,0.12429722348554473,0.0
219,0.8492234104941779,0.7308674752036443,0.0
220,0.6576128923003434,0.9383404568210378,0.0
221,0.5683086033354716,0.18123306616566015,0.0
222,0.09367476782809248,0.0664962673667775,0.0
223,0.3677158030594335,0.741120649290059,0.0
224,0.26520236768172545,0.5744731131799119,0.0
225,0.24398964337908358,0.8418287767582721,0.0
226,0.9730105547524456,0.1397723766262895,0.0
227,0.3930977246667604,0.7952673118598902,0.0
228,0.8920465551771133,0.20162732004774453,0.0
229,0.6311386259972629,0.1636559428657045,0.0
230,0.7948113035416484,0.16426579793099294,0.0
231,0.5026370931051921,0.8145747202313821,0.0
232,0.5769038846263591,0.6651972206962001,0.0
233,0.4925176938188639,0.5230654247691193,0.0
234,0.1952429877980445,0.3588304841235025,0.0
235,0.7224521152615053,0.8772005408131083,0.0
236,0.2807723624408558,0.3924451074226354,0.0
237,0.02431596643145384,0.8165994394715771,0.0
238,0.6454722959071678,0.4391349085702184,0.0
239,0.17711067940704894,0.3769444294249076,0.0
240,0.9404585843529143,0.46267978566960644,0.0
241,0.9539285770025874,0.3013778741641421,0.0
242,0.9148643902204485,0.7476093801762511,0.0
243,0.3701587002554444,0.5027203900924792,0.0
244,0.015456616528867428,0.2322126951468173,0.0
245,0.9283185625877254,0.8995745732745685,0.0
246,0.42818414831731433,0.3838912213732114,0.0
247,0.9666548190436696,0.5435528611139886,0.0
248,0.9636199770892528,0.9064721109645469,0.0
249,0.8530094554673601,0.6242379959139921,0.0
250,0.2944488920695857,0.11689804070836407,0.0
251,0.38509772860192526,0.9398321236134751,0.0
252,0.8511366715168569,0.6277080530714179,0.0
253,0.31692200515627766,0.3349056146570861,0.0
254,0.1694927466860925,0.13927207266338726,0.0
255,0.5568012624583502,0.794025189270296,0.0
256,0.936154774160781,0.6200727559285135,0.0
257,0.696029796674973,0.5334610919763215,0.0
258,0.570061170089365,0.8938925830509576,0.0
259,0.09717649377076854,0.7885972112245307,0.0
260,0.6150072266991697,0.15167487973275118,0.0
261,0.9900538501042633,0.31172206779554823,0.0
262,0.14008401523652403,0.24848913981446574,0.0
263,0.5183296523637367,0.743946292572677,0.0
264,0.8773730719279554,0.03353243473577938,0.0
265,0.7407686177542044,0.5698896848713165,0.0
266,0.697015740995268,0.7624586857406905,0.0
267,0.7024840839871093,0.8767656367617495,0.0
268,0.35949115121975517,0.34208174871590746,0.0
269,0.29359184426449336,0.8212573046720129,0.0
270,0.8093611554785136,0.11063173695520723,0.0
271,0.8101133946791808,0.8464522917345182,0.0
272,0.8670723185801037,0.12748866233198242,0.0
273,0.9132405525564713,0.39728729056036727,0.0
274,0.5113423988609378,0.7972953657795536,0.0
275,0.5015162946871996,0.14991742734877378,0.0
276,0.7982951789667752,0.22925139523264149,0.0
277,0.6499639307777652,0.7222525683930663,0.0
278,0.7019668772577033,0.7200365365460744,0.0
279,0.795792669436101,0.6411476328852973,0.0
280,0.8900053418175663,0.6939484444671,0.0
281,0.3379951568515358,0.5427244433475962,0.0
282,0.375582952639944,0.25179905890695276,0.0
283,0.093981939840869,0.34569599350391944,0.0
284,0.578280140996174,0.18159771680142567,0.0
285,0.035942273796742086,0.9084505613336283,0.0
286,0.46559801813246016,0.5833917947661205,0.0
287,0.5426446347075766,0.4008514167636399,0.0
288,0.2865412521282844,0.4620058036441327,0.0
289,0.5908332605690108,0.9472833396118153,0.0
290,0.03050024993904943,0.1533514031160802,0.0
291,0.03734818874921442,0.5862298320167972,0.0
292,0.8226005606596583,0.505888678884466,0.0
293,0.3601906414112629,0.6114542354346478,0.0
294,0.12706051265188478,0.01811018382084051,0.0
295,0.5222432600548044,0.8721239089441515,0.0
296,0.7699935530986108,0.9321182824836124,0.0
297,0.21582102749684318,0.5651331835892089,0.0
298,0.6228904758190003,0.6966508238768923,0.0
299,0.085347464993768,0.9224993811772957,0.0
300,0.0516817211686077,0.7072386343133986,0.0
301,0.531354631568148,0.15253904291426135,0.0
302,0.5406351216101065,0.5762883601668132,0.0
303,0.6374299014982066,0.6067150463828559,0.0
304,0.7260913337226615,0.424130671302386,0.0
305,0.9758520794625346,0.7364442356247228,0.0
306,0.5163003483011953,0.9343670147690148,0.0
307,0.32295647294124596,0.9255685129067763,0.0
308,0.7951861947687037,0.4508393714041321,0.0
309,0.2708322512620742,0.11323804584075525,0.0
310,0.4389714207056361,0.9848411989623346,0.0
311,0.07845638134226596,0.8388980864459341,0.0
312,0.02535074341545751,0.12466268120326685,0.0
313,0.9626484146779251,0.9208418826173723,0.0
314,0.8359801205122058,0.8698963620621283,0.0
315,0.695974206093698,0.5188380571260721,0.0
316,0.4089529444142699,0.5912754357449292,0.0
317,0.17329432007084578,0.39900270387013026,0.0
318,0.15643704267108605,0.05476163882203133,0.0
319,0.25024289816459533,0.3351972416459009,0.0
320,0.5492266647061205,0.8028534485980114,0.0
321,0.7145959227000623,0.004632023004602859,0.0
322,0.6601973767177313,0.3334991716911442,0.0
323,0.27993389694594284,0.3981686935909433,0.0
324,0.9548652806631941,0.5373956029379229,0.0
325,0.7378969166957685,0.9198556164127605,0.0
326,0.5543540525114007,0.34634599436596125,0.0
327,0.6117207462343522,0.3469532018962277,0.0
328,0.4196000624277899,0.7375012481097484,0.0
329,0.24773098950115746,0.45221794088980716,0.0
330,0.3559726786512616,0.22460482293998196,0.0
331,0.7578461104643691,0.4524395161326934,0.0
332,0.014393488629755868,0.14085702037979986,0.0
333,0.11607264050691624,0.1763869865062233,0.0
334,0.04600264202175275,0.49836777273947974,0.0
335,0.040728802318970136,0.4189254495045479,0.0
336,0.8554605840110072,0.9148459010681,0.0
337,0.7036578593800237,0.3623938991166331,0.0
338,0.4741738290873252,0.5805883502780435,0.0
339,0.09783416065100148,0.6322642879195304,0.0
340,0.49161587511683236,0.013094456588333636,0.0
341,0.4734717707805657,0.6635373720167106,0.0
342,0.17320186991001518,0.17803596686975143,0.0
343,0.43385164923797304,0.9610703174694551,0.0
344,0.39850473439737344,0.14866272775311296,0.0
345,0.6158500980522165,0.41462412372702373,0.0
346,0.6350936508676438,0.08534966807864386,0.0
347,0.04530400977204452,0.9968742518459474,0.0
348,0.3746126146264712,0.5021950103312426,0.0
349,0.6258599157142364,0.5953850173200438,0.0
350,0.5031362585800877,0.06707647738842748,0.0
351,0.8564898411883223,0.7499604703991778,0.0
352,0.658693631618945,0.20990559309558576,0.0
353,0.1629344270814297,0.8980542894407137,0.0
354,0.07056874740042984,0.20513964048200717,0.0
355,0.6424192782063156,0.19068772066366657,0.0
356,0.026511310541621813,0.03654966784809488,0.0
357,0.5857755812734633,0.47206694510999925,0.0
358,0.9402302414249576,0.5648411332626164,0.0
359,0.575474177875879,0.06570863942835237,0.0
360,0.3881699262065219,0.7755276166950106,0.0
361,0.6432882184423532,0.4532888347480276,0.0
362,0.45825289049151663,0.52439026932758,0.0
363,0.5456167893159349,0.44076274693822814,0.0
364,0.9414648087765252,0.400763060875326,0.0
365,0.38610263780077425,0.5596403313082179,0.0
366,0.9611905638239142,0.1552402459307125,0.0
367,0.9053506419560637,0.18192813049527112,0.0
368,0.19579113478929644,0.8617856210135173,0.0
369,0.06936130087516545,0.9461154621336327,0.0
370,0.10077800137742665,0.37330931627975295,0.0
371,0.018221825651549728,0.27074467314355377,0.0
372,0.0944429607559284,0.6439995432390158,0.0
373,0.6830067734163568,0.4087341710980964,0.0
374,0.07118864846022899,0.02538635566034486,0.0
375,0.3189756302937613,0.15615259736619036,0.0
376,0.8448753109694546,0.7159722288473975,0.0
377,0.023271935735825866,0.6589239419101514,0.0
378,0.8144684825889358,0.02709599250348349,0.0
379,0.28185477477339993,0.22197216193294944,0.0
380,0.11816482762165625,0.2310747965880714,0.0
381,0.6967371653641506,0.6718927435987284,0.0
382,0.628942846779884,0.019710537754364155,0.0
383,0.877472013527053,0.10410858198457384,0.0
384,0.7350710438038858,0.7999160853731894,0.0
385,0.8034809303848486,0.1785446620543336,0.0
386,0.2820345725713065,0.6527461078518747,0.0
387,0.17743954377972282,0.23818278104672652,0.0
388,0.7506147516408583,0.09944139275934516,0.0
389,0.806834739267264,0.24317219099945409,0.0
390,0.9905051420006733,0.7222669318556592,0.0
391,0.4126176769114265,0.8556964681062857,0.0
392,0.37201808579278317,0.8302198645669916,0.0
393,0.7764129607419968,0.3971835296184548,0.0
394,0.34080354025301784,0.6680851365706462,0.0
395,0.9307573256035647,0.20498429541582097,0.0
396,0.8584127518430118,0.29314773026101326,0.0
397,0.42899402737501835,0.8963358185211198,0.0
398,0.7508710677914974,0.013001923510736035,0.0
399,0.7545428740846823,0.08550853085446808,0.0
400,0.10312386883593261,0.20788625514602732,0.0
401,0.9025529066795667,0.026532203873819715,0.0
402,0.5052523724478571,0.18143543508979731,0.0
403,0.8264574661077416,0.5830415609696922,0.0
404,0.32004960103061175,0.42142455059249795,0.0
405,0.8955232284962005,0.8926717110769748,0.0
406,0.3892016787341631,0.8174435617384409,0.0
407,0.01083765148029836,0.34181735169787597,0.0
408,0.9053819764192637,0.2594234334312925,0.0
409,0.09128667678613356,0.3796924081672669,0.0
410,0.31931363759041487,0.5902949425148077,0.0
411,0.9500619670508049,0.26806364082287626,0.0
412,0.9506071469375561,0.624148907849134,0.0
413,0.5734378881232861,0.4094116521912404,0.0
414,0.6318372121697993,0.5520471808519802,0.0
415,0.44844552197831977,0.4361265291353167,0.0
416,0.29321077169806453,0.29446575954191767,0.0
417,0.32866454536991596,0.9484533069621567,0.0
418,0.6725184560770384,0.7636057941597608,0.0
419,0.75237452943768,0.14011317576645255,0.0
420,0.7915790437258485,0.8684679758979128,0.0
421,0.7896181427945539,0.48743119824951364,0.0
422,0.09120610304869037,0.8945522268940914,0.0
423,0.49442030470258147,0.7998552559473152,0.0
424,0.057558760016644284,0.42521350446923345,0.0
425,0.5495288823237355,0.022469308320117398,0.0
426,0.441530501373377,0.2686773593849461,0.0
427,0.8877041827582998,0.5416342146608669,0.0
428,0.3509150125520787,0.6334782198261473,0.0
429,0.11706701642760586,0.2578876854332023,0.0
430,0.14299168205283586,0.13935607407282413,0.0
431,0.7615106317174722,0.8349302367992991,0.0
432,0.6182180633162611,0.9844021807035521,0.0
433,0.10112267612279024,0.5256901823026858,0.0
434,0.08410680611499743,0.1716792858483035,0.0
435,0.70096913145912,0.27230732651936895,0.0
436,0.07276300636419353,0.018390676547466733,0.0
437,0.8218600592903562,0.914298806560499,0.0
438,0.7062422271564962,0.11775108289014113,0.0
439,0.08134878064189976,0.5765164755142536,0.0
440,0.08483771408519192,0.274055220687206,0.0
441,0.9866395785011755,0.5541780025157934,0.0
442,0.3742707957561203,0.6514203883518642,0.0
443,0.3706421470668909,0.8297418037072016,0.0
444,0.8127995672575026,0.2064212717606032,0.0
445,0.9472485773838587,0.010995828658480478,0.0
446,0.9860010638228709,0.13688563006880727,0.0
447,0.7533781852589416,0.9000186418481051,0.0
448,0.37625958553091576,0.8738900775625152,0.0
449,0.08350071669866876,0.5974131021703083,0.0
450,0.7771469159274368,0.6005168604336534,0.0
451,0.558404249735805,0.6650366745462555,0.0
452,0.4242220092469763,0.1753712786234496,0.0
453,0.906354385094736,0.9144119459249598,0.0
454,0.11119748230615134,0.4187705248920731,0.0
455,0.49262510429085915,0.38313852824949746,0.0
456,0.011353644767419069,0.5189177052828375,0.0
457,0.46866064199412627,0.046965966775055046,0.0
458,0.05630327568183735,0.1662833687560794,0.0
459,0.11881791626807192,0.7380336164263704,0.0
460,0.11752624677710488,0.08279866792512647,0.0
461,0.6492103021160636,0.6031521094663882,0.0
462,0.7460448792654233,0.24534910968132095,0.0
463,0.5833687650971596,0.38929561404197655,0.0
464,0.9621725484745419,0.28869373677069987,0.0
465,0.37487057952370406,0.35567271646494913,0.0
466,0.28571208628186073,0.7190459051842455,0.0
467,0.8685991281894603,0.297121715623175,0.0
468,0.22359583851945264,0.5664046402968972,0.0
469,0.9632225394406113,0.47605040219909966,0.0
470,0.012154474689816341,0.6636711653626481,0.0
471,0.969878826707639,0.936829739324758,0.0
472,0.04315991195057611,0.7325720972102503,0.0
473,0.8911431136980711,0.21494037859075676,0.0
474,0.5277011090862999,0.031183135061284672,0.0
475,0.9929647961193003,0.2622640442998251,0.0
476,0.07379656473539886,0.5950779307002548,0.0
477,0.5538542844013208,0.05142581348425035,0.0
478,0.969302535619099,0.49636624720123634,0.0
479,0.5230978441701488,0.5968428489168892,0.0
480,0.6293986381352625,0.3342438908169608,0.0
481,0.6957486889846172,0.7709122037458219,0.0
482,0.45454106476777323,0.1065982531337718,0.0
483,0.6275580800840634,0.07513778173580876,0.0
484,0.5843143119231002,0.7281887562036033,0.0
485,0.901158010490989,0.49549131620619846,0.0
486,0.04544638034145787,0.688402396427736,0.0
487,0.2809631895922303,0.4348273386037462,0.0
488,0.9504114840765587,0.2464020332391068,0.0
489,0.8902637838909163,0.8191023176741997,0.0
490,0.45565675278571294,0.7994158789689793,0.0
491,0.6201325978015367,0.6946964708544268,0.0
492,0.2773811829811327,0.2721451372299627,0.0
493,0.1881211597237613,0.5902306668690871,0.0
494,0.46369840493998216,0.3609738969400268,0.0
495,0.3533522280260528,0.09158207332663415,0.0
496,0.5836561118508721,0.9173135754622428,0.0
497,0.07773463696498484,0.1368186309189614,0.0
498,0.9743948076661665,0.9502373538208024,0.0
499,0.9862107444796029,0.44600577295795574,0.0
500,0.576653005032986,0.3878067947803632,1.0
501,0.4188052828008003,0.505155146998007,1.0
502,0.367598217205357,0.5204436932084351,1.0
503,0.38413884976428925,0.44907671932592996,1.0
504,0.6244642450833743,0.3895688972083551,1.0
505,0.4423524408905428,0.47172391528294005,1.0
506,0.5631218738637435,0.38256235869718186,1.0
507,0.5336365016190605,0.682574806462592,1.0
508,0.4557661389361111,0.5521448918352199,1.0
509,0.49506408558501647,0.4992722391888913,1.0
510,0.44266149207420763,0.36968174673059284,1.0
511,0.5230757214477321,0.4577001231640712,1.0
512,0.5653113932490835,0.5215878522373796,1.0
513,0.5116392625228244,0.4439339831504329,1.0
514,0.43768267643248937,0.3111660984528065,1.0
515,0.5497808457365365,0.4875934830957353,1.0
516,0.3414036900300326,0.3692007330992208,1.0
517,0.5018605274167826,0.2917705646894905,1.0
518,0.4103885765793025,0.5362013702468458,1.0
519,0.416430761229468,0.5671124409154472,1.0
520,0.45207293180972463,0.6513847582103498,1.0
521,0.2957667482943598,0.24445362698179018,1.0
522,0.4417804501959581,0.6473200540841964,1.0
523,0.3790145725080746,0.30507099834578294,1.0
524,0.5619438624855121,0.5220935009336594,1.0
525,0.6994035531943475,0.5694865490125078,1.0
526,0.6547055631615717,0.5461225901888419,1.0
527,0.48690700617564137,0.5200299713017149,1.0
528,0.4155442419417313,0.2743556594954534,1.0
529,0.41669905643735455,0.3864364638673287,1.0
530,0.45722942706645653,0.5526633148640301,1.0
531,0.585231749684373,0.6393126546280867,1.0
532,0.4485332163602895,0.5181763419970993,1.0
533,0.29746719773129093,0.6446990734871454,1.0
534,0.6013211531922509,0.5262268436580123,1.0
535,0.6015922164176948,0.523035888867258,1.0
536,0.47966254752174625,0.6478148779395574,1.0
537,0.39830743266574886,0.31759171773628014,1.0
538,0.5499014436426574,0.6165696709781885,1.0
539,0.5104672663917321,0.5999773424644621,1.0
540,0.5868869921406845,0.3725284036890555,1.0
541,0.21826175178425772,0.47223720794972995,1.0
542,0.5886935092591723,0.5338642288377049,1.0
543,0.44776379450613846,0.4950631273488805,1.0
544,0.29200264663935077,0.5762884988260832,1.0
545,0.5741428622509726,0.4612465832478373,1.0
546,0.6896164815830412,0.5862473640198642,1.0
547,0.3764182938348727,0.6302071007398868,1.0
548,0.535936932088446,0.5675853277187883,1.0
549,0.4176101953701133,0.5856743838444372,1.0
550,0.28484484833785184,0.20976866648742382,1.0
551,0.4751106205692988,0.6227772679343456,1.0
552,0.30122892374788646,0.5623927783268513,1.0
553,0.46701296884962584,0.41620139408518136,1.0
554,0.3625373349151711,0.5193316989463671,1.0
555,0.382082091148683,0.4538214726118442,1.0
556,0.3106508469195183,0.47601421516265097,1.0
557,0.3159133848425073,0.40765481694998723,1.0
558,0.5063375837746975,0.5270860322886733,1.0
559,0.43711517862399,0.32158302807433864,1.0
560,0.4909459232627638,0.4353194149626559,1.0
561,0.4067253195594989,0.5875257158535376,1.0
562,0.4776065333883988,0.4841736530076205,1.0
563,0.5832175183957429,0.688753709800241,1.0
564,0.28248637345758054,0.5884167903142045,1.0
565,0.5152815552162576,0.5462740917743426,1.0
566,0.3635188405163532,0.5866044227414958,1.0
567,0.48979975194177283,0.5292593545356176,1.0
568,0.42601509138683247,0.45240560666985974,1.0
569,0.5309191264411686,0.5583675964689371,1.0
570,0.46522241793455277,0.32005123209349284,1.0
571,0.5362090501746465,0.4371970149959783,1.0
572,0.4882009160462313,0.27278975816880024,1.0
573,0.5292192772469373,0.5825650922073804,1.0
574,0.3480968426235155,0.3387983515296164,1.0
575,0.4225020606414744,0.6885378446971653,1.0
576,0.8002804502855678,0.48932232979768103,1.0
577,0.49149914965097513,0.4204979603383584,1.0
578,0.5520349169748129,0.6522116464513297,1.0
579,0.5155063111145164,0.4357335461312438,1.0
580,0.5663383905548106,0.6897224891793683,1.0
581,0.4419926747849774,0.42796708962329044,1.0
582,0.39100271986659785,0.23966988092386898,1.0
583,0.7014778059095462,0.6036272282754015,1.0
584,0.4873519041609222,0.5217652991101773,1.0
585,0.4992295299627752,0.5490176816084908,1.0
586,0.5230643682213131,0.7272435166167757,1.0
587,0.4292103719285141,0.5872198637499997,1.0
588,0.433430135502987,0.4980247952214722,1.0
589,0.4113654960984288,0.4746810478551304,1.0
590,0.3417424472844557,0.5297130007420355,1.0
591,0.430213746542095,0.530482019517611,1.0
592,0.4071419045539416,0.6108052343035038,1.0
593,0.44029351094349956,0.6949849494683544,1.0
594,0.605186872770489,0.4028447173583796,1.0
595,0.5353471830428037,0.4390319339750385,1.0
596,0.46208312923409456,0.3697881609681606,1.0
597,0.678229049739455,0.4110076369035009,1.0
598,0.7166247827886294,0.37383648106118583,1.0
599,0.6046208463612454,0.7121597183358993,1.0
600,0.3913355914303924,0.4515043768394411,1.0
601,0.6000713166596814,0.5933239119661613,1.0
602,0.5822690065905662,0.4184515012275474,1.0
603,0.287621287300943,0.4116990523456269,1.0
604,0.5201953014758741,0.5239975332900586,1.0
605,0.6235341762900287,0.3347892621204608,1.0
606,0.5729413068942248,0.47649416960989455,1.0
607,0.6200387933188098,0.5802852086601732,1.0
608,0.2749169140273585,0.365545780602737,1.0
609,0.5166301822295203,0.5976056157270391,1.0
610,0.2946829816112887,0.4254459310715109,1.0
611,0.5397823012594412,0.44829162475652407,1.0
612,0.4023540502056889,0.45800128707159315,1.0
613,0.365567249178447,0.45539410681600656,1.0
614,0.4328915732304959,0.3571978837056371,1.0
615,0.3542881913927897,0.3822329954803452,1.0
616,0.3412068507057029,0.24374097476924406,1.0
617,0.312409213977837,0.3403980253891131,1.0
618,0.5993576958194368,0.5309259049034529,1.0
619,0.5020416691145115,0.5620277925243525,1.0
620,0.4882831675116219,0.4071497348812782,1.0
621,0.3509540694551597,0.6539168489970368,1.0
622,0.2963929404280581,0.3580984255517996,1.0
623,0.4877121556754499,0.50468714869091,1.0
624,0.510970558586856,0.36632584686706066,1.0
625,0.6437243651042064,0.4077509423804626,1.0
626,0.41431402396745126,0.5058413515114929,1.0
627,0.4370209748479127,0.6596163176119622,1.0
628,0.7261235070997943,0.5190296255006739,1.0
629,0.403513787109405,0.5515958491786006,1.0
630,0.36405524825965485,0.2991592134487714,1.0
631,0.394854876648577,0.3894089566651639,1.0
632,0.4547785365881113,0.5797469234000526,1.0
633,0.5462354705599431,0.32329995375737286,1.0
634,0.2547587695099516,0.44993316054486926,1.0
635,0.5345687338998341,0.5905438064020718,1.0
636,0.43216456262257424,0.469029400120878,1.0
637,0.6025214591717765,0.5075395715973076,1.0
638,0.41963094289788994,0.5854798713003991,1.0
639,0.4718463752828576,0.4194335937982559,1.0
640,0.624252509289808,0.22140774858052292,1.0
641,0.5081397709925564,0.2621070889330229,1.0
642,0.6154167116583705,0.45707147662225583,1.0
643,0.547385298258256,0.7115509968859252,1.0
644,0.5222685956832641,0.5712716445791142,1.0
645,0.4709601775046875,0.5384239382711493,1.0
646,0.5830390610873093,0.40159656070063954,1.0
647,0.43528718087617235,0.36545945523439965,1.0
648,0.6859305032107519,0.6253858765211984,1.0
649,0.2898042650004998,0.41004377687263804,1.0
650,0.5595614625513067,0.5101689643302652,1.0
651,0.38531524692260233,0.6790117633208742,1.0
652,0.43139791828470087,0.4922149912689885,1.0
653,0.3800867112346677,0.41385659795896385,1.0
654,0.5397882455593647,0.512020183604776,1.0
655,0.5097921355261102,0.5045281163567026,1.0
656,0.4235639168253936,0.43091017444721036,1.0
657,0.43244351639333867,0.4210284681635455,1.0
658,0.6334306063888164,0.3508423555479655,1.0
659,0.3838667974387056,0.4328676676207981,1.0
660,0.6049951708109114,0.19540280721715808,1.0
661,0.3010330067871104,0.28129205225674403,1.0
662,0.462714171612903,0.3156492650395937,1.0
663,0.5132103383064969,0.3642348806809892,1.0
664,0.4270344410972932,0.6977193510418678,1.0
665,0.503693414168509,0.5344430659841604,1.0
666,0.37794322450144663,0.44804322936080254,1.0
667,0.4591514695143915,0.5107647494568932,1.0
668,0.2637327056867984,0.25558417726554655,1.0
669,0.4055976105184594,0.5541825801385472,1.0
670,0.3055116888506332,0.4733831245577701,1.0
671,0.5169496302692078,0.35530432532495526,1.0
672,0.4177157068684376,0.25559798667134315,1.0
673,0.5230718103194902,0.41640109663270314,1.0
674,0.48316682168681674,0.5296608476317818,1.0
675,0.43802997581066144,0.49769858109928394,1.0
676,0.3065591550840113,0.3706985911042593,1.0
677,0.4562444060939015,0.5925869209642283,1.0
678,0.46785793217963284,0.294247970035439,1.0
679,0.3906795929278938,0.4898403931021346,1.0
680,0.43247918867428103,0.6270335119977174,1.0
681,0.5061259625225443,0.5238851548839611,1.0
682,0.5162055774094586,0.5184087874473153,1.0
683,0.71145448312313,0.5078005342559103,1.0
684,0.4004387049573819,0.28066028239762364,1.0
685,0.7514069101325564,0.446871559758705,1.0
686,0.6574527512726652,0.47033959826523514,1.0
687,0.2643936328231392,0.40720333514958695,1.0
688,0.40954377130313807,0.7280862977324067,1.0
689,0.4247924987029561,0.3788544038987251,1.0
690,0.5879464686485705,0.9119346743261441,1.0
691,0.7553045078492662,0.522609985503453,1.0
692,0.22522640970516628,0.5702595038929057,1.0
693,0.32169832187275194,0.40144711442514447,1.0
694,0.38017897295510517,0.5008701587118376,1.0
695,0.40422390475129877,0.4439903772913482,1.0
696,0.4940058921241553,0.48515388708546947,1.0
697,0.5952431839029227,0.5555497338704125,1.0
698,0.6762493431161307,0.6623420197229464,1.0
699,0.6768946596999221,0.5208235617302613,1.0
700,0.3835811592745077,0.5804400104947967,1.0
701,0.5192195020677202,0.29711717673181726,1.0
702,0.5324402449998946,0.6654853823141729,1.0
703,0.61413270171805,0.5823647769896119,1.0
704,0.5134670831533915,0.37652249704169805,1.0
705,0.5837922967586443,0.3951326020121637,1.0
706,0.5375247669818076,0.5827487618084352,1.0
707,0.6281531059378503,0.6904456407684835,1.0
708,0.46289684056208696,0.5410307192232493,1.0
709,0.3811492917410101,0.5740678814460577,1.0
710,0.5178411067360837,0.45711399273433473,1.0
711,0.4493532776430801,0.5261872217504632,1.0
712,0.49224372695642,0.4979842589784391,1.0
713,0.6170733421861815,0.5233249953751695,1.0
714,0.5165467692485934,0.7639742851113454,1.0
715,0.6733821199472177,0.5753905271310393,1.0
716,0.5085600169982637,0.6351214361155758,1.0
717,0.44126627975326727,0.6177236559051383,1.0
718,0.5476211960223959,0.5870769288263779,1.0
719,0.4318497558354787,0.7352196548164728,1.0
720,0.596852209387595,0.6406674744183076,1.0
721,0.4073622971211074,0.4658823266924729,1.0
722,0.5277084755997596,0.509349056175782,1.0
723,0.5060134640220391,0.485224241582139,1.0
724,0.24730450788110042,0.5599196687599176,1.0
725,0.6526088760757738,0.45888948092579296,1.0
726,0.3264152082205629,0.691241201449688,1.0
727,0.46446439596834,0.6962705176256062,1.0
728,0.37137451856204196,0.2930853186226699,1.0
729,0.3279566626139261,0.5582467215490189,1.0
730,0.5523080794132267,0.5235174687842707,1.0
731,0.6299222279476261,0.48641395484210265,1.0
732,0.6514734007460871,0.47838210826711436,1.0
733,0.5510369824754456,0.4421463238727092,1.0
734,0.5866398450458462,0.36660297259600416,1.0
735,0.4079725786716491,0.5258513748854595,1.0
736,0.6729237705484858,0.7258233579658053,1.0
737,0.46276763746446625,0.2916985640408753,1.0
738,0.3031136430193496,0.3623718796131097,1.0
739,0.5744446548750692,0.5665577162766126,1.0
740,0.43879291598038234,0.4495417015152732,1.0
741,0.5112258548479435,0.3810229466627827,1.0
742,0.5830286283387162,0.3830992068540682,1.0
743,0.5750385284194792,0.44720668385026086,1.0
744,0.4861480076220055,0.6609579808959478,1.0
745,0.3477964183433035,0.4339415575378427,1.0
746,0.6316047325076496,0.5868578204268662,1.0
747,0.36866933093772114,0.3887111290664422,1.0
748,0.24025527486209042,0.29587881714157077,1.0
749,0.5026529231523966,0.4589372535495971,1.0
750,0.4974271550448804,0.4758646639986632,1.0
751,0.36154006275290784,0.49683820190937406,1.0
752,0.6727313309307651,0.4844665611708248,1.0
753,0.6477001261059485,0.7195409485147108,1.0
754,0.7625690143603301,0.45810430687444453,1.0
755,0.28486045311975194,0.6374238259740553,1.0
756,0.44131683989627774,0.559897342411701,1.0
757,0.4988096185813078,0.48482450970917923,1.0
758,0.4286178615613861,0.3875668418410602,1.0
759,0.450513298567406,0.4960082386182134,1.0
760,0.4966610581061538,0.636957032622456,1.0
761,0.5709352283821708,0.4640567229569109,1.0
762,0.5098802959033031,0.38281773538261626,1.0
763,0.49782669469956053,0.49653707382661383,1.0
764,0.35784420946817364,0.42497667736551076,1.0
765,0.4446778863154794,0.5603275054335494,1.0
766,0.3215361000745539,0.40042239012198344,1.0
767,0.5917255675857629,0.406203908445561,1.0
768,0.6280940121310217,0.5849287204840528,1.0
769,0.5741720878387576,0.547730352593099,1.0
770,0.45688007365518685,0.5317899413653917,1.0
771,0.47264901666511816,0.5414507389467001,1.0
772,0.6332391390266007,0.3538659780113752,1.0
773,0.6041220681554103,0.5837450106083405,1.0
774,0.5785481069632158,0.6633908416050057,1.0
775,0.2607454397669656,0.4331043937642949,1.0
776,0.4159340310671582,0.6267545431188835,1.0
777,0.5089688318818307,0.461297676677747,1.0
778,0.5827281029960064,0.5399524297121815,1.0
779,0.5267674352075327,0.5508679285007131,1.0
780,0.48372721574440253,0.48415798804562454,1.0
781,0.3721147775357727,0.5404975885149573,1.0
782,0.5100427287419731,0.3000464441697621,1.0
783,0.6893257189867051,0.8214585079936858,1.0
784,0.6525811838269857,0.6207945558560984,1.0
785,0.7444305613037694,0.4895920439081025,1.0
786,0.392173350997245,0.49953410336179743,1.0
787,0.7408653975843521,0.3744366825609918,1.0
788,0.5269197179136291,0.5823291717368674,1.0
789,0.6349256526100466,0.660856661144779,1.0
790,0.4605688901521342,0.542493079682465,1.0
791,0.5568483278245207,0.4192355984926487,1.0
792,0.3915525834441487,0.36913311622295303,1.0
793,0.5687224642034718,0.43673844369851456,1.0
794,0.6068932250292194,0.4817632252090827,1.0
795,0.3962585386200253,0.6383306733646593,1.0
796,0.7512861349230845,0.5230940936631867,1.0
797,0.36768438640833795,0.33808154809294033,1.0
798,0.4933749082414474,0.640439639490536,1.0
799,0.43144316887753204,0.6896799390698408,1.0
800,0.46670795939788345,0.3977068663342627,1.0
801,0.3270996916256045,0.24143866572129485,1.0
802,0.40462728148264426,0.4469536441154944,1.0
803,0.2594103554496923,0.4802413866705481,1.0
804,0.5500742736123146,0.443524896574532,1.0
805,0.5019244990726947,0.4060810723394821,1.0
806,0.28900676939932224,0.3083157810953531,1.0
807,0.5234732854683426,0.5495910247940791,1.0
808,0.7034161164856625,0.5660091414202767,1.0
809,0.42640804912388963,0.3335091692872253,1.0
810,0.566744018222747,0.642638178313641,1.0
811,0.33059190840092156,0.432267260666479,1.0
812,0.4539087253290323,0.3468817375098044,1.0
813,0.5360207460620555,0.7483413872863133,1.0
814,0.5500045565722976,0.5145314111961294,1.0
815,0.3278491846604278,0.4065119869697606,1.0
816,0.30132243885540594,0.6075000067282725,1.0
817,0.49874361839569054,0.6299600276803381,1.0
818,0.47530634533443583,0.5132910296861473,1.0
819,0.31124374665860766,0.38306256805888605,1.0
820,0.3703326709866278,0.5220081132034456,1.0
821,0.5958363576155603,0.4771541882930167,1.0
822,0.7435233272599656,0.4654385115442411,1.0
823,0.37238789865232086,0.21637067535961468,1.0
824,0.5416990185059853,0.5025517062111691,1.0
825,0.41157799875381507,0.5269406616843648,1.0
826,0.45518245224092335,0.3727228500871276,1.0
827,0.4967307514568776,0.5366935913004047,1.0
828,0.4112126169669613,0.6385256082697481,1.0
829,0.3989387982502566,0.5028662114220932,1.0
830,0.3507347409159578,0.5166890053505597,1.0
831,0.5735977105755232,0.3901979776837354,1.0
832,0.5060890924820166,0.413973317167455,1.0
833,0.5113994707844235,0.594323865565528,1.0
834,0.3746675652409765,0.37767582047229636,1.0
835,0.3487519257012376,0.5894814717789697,1.0
836,0.291957904797594,0.6598914593046924,1.0
837,0.5679537641428271,0.3189443067308641,1.0
838,0.3977138700238743,0.4516178057552192,1.0
839,0.32342361474659437,0.4186258344368565,1.0
840,0.6004165569058715,0.4272746398908833,1.0
841,0.5810432037995283,0.4607614476576767,1.0
842,0.5164335668778951,0.5996711230830494,1.0
843,0.3051020580569495,0.36091704107276923,1.0
844,0.588150150040309,0.6510264623667279,1.0
845,0.42345501400502117,0.3372186886658486,1.0
846,0.5123631044576514,0.5144403288769321,1.0
847,0.532649482220069,0.624330180396379,1.0
848,0.48242939125933576,0.5417602384622205,1.0
849,0.6196821908447125,0.5578162447157076,1.0
850,0.45412514922674724,0.4013985792076985,1.0
851,0.35556216056222056,0.2990450691910984,1.0
852,0.4115873972958249,0.543475657553798,1.0
853,0.7663445584257667,0.5173285881608396,1.0
854,0.5632874533218397,0.7418438095921792,1.0
855,0.3742938083369844,0.736077820841505,1.0
856,0.543375012068995,0.5694745076624828,1.0
857,0.20393681625247023,0.48764119323395466,1.0
858,0.20840524675543637,0.3792940379172841,1.0
859,0.3556957650372604,0.43949172980044715,1.0
860,0.4611386081542433,0.3831891766124291,1.0
861,0.5820584985140417,0.5815812781704197,1.0
862,0.5490665249628196,0.4849703995421661,1.0
863,0.36281097614602476,0.4979115343626322,1.0
864,0.3866821573986868,0.5956364653429438,1.0
865,0.6278627031031114,0.6004751197235896,1.0
866,0.7036663019868163,0.4396981621337446,1.0
867,0.5168769174613085,0.4996592197072313,1.0
868,0.30404990369574764,0.3932601476558262,1.0
869,0.4713145397726732,0.7335228250931678,1.0
870,0.33673610710388724,0.41905715379104214,1.0
871,0.590491008927345,0.4548058108426214,1.0
872,0.46023452440707296,0.6142068308071377,1.0
873,0.20241757302018726,0.420665165792891,1.0
874,0.6280538501199611,0.4697160342372937,1.0
875,0.6109589220595524,0.36086382855820676,1.0
876,0.47812030755076795,0.4572461496122757,1.0
877,0.659366185471158,0.4338411149024904,1.0
878,0.4863076269498989,0.4109723517361578,1.0
879,0.8200912924067624,0.41389207473529516,1.0
880,0.3774343783076774,0.6280686027024499,1.0
881,0.3661956648139269,0.3015524922764991,1.0
882,0.5270738605045452,0.5933685515678109,1.0
883,0.5784986340318776,0.6211784538057807,1.0
884,0.33663469189436435,0.5101492524286977,1.0
885,0.524417316637978,0.4956134986580125,1.0
886,0.646267529232808,0.5293289881185043,1.0
887,0.49667122508577743,0.548624553294528,1.0
888,0.46543486562991176,0.3518482091234383,1.0
889,0.36990247678773946,0.33155980942035623,1.0
890,0.5549725739655649,0.44930088490412234,1.0
891,0.6799125765629295,0.8049354754916589,1.0
892,0.44620847262805013,0.4064227479534632,1.0
893,0.4568185163256477,0.5297833402293779,1.0
894,0.6936642592643006,0.6188449121130079,1.0
895,0.5092651877071712,0.33188187636846334,1.0
896,0.5665690261116865,0.3747193874549877,1.0
897,0.4558772351390565,0.45083676837423825,1.0
898,0.5791536720054001,0.7438726911757018,1.0
899,0.6307526569483843,0.5161656584112254,1.0
900,0.3987221543863871,0.5611640061674243,1.0
901,0.5972207578888328,0.6059436059068466,1.0
902,0.4081083824695238,0.5061283174643616,1.0
903,0.5083086318622837,0.45640305708227125,1.0
904,0.5766677296788887,0.5888503144508552,1.0
905,0.8137845749087242,0.40064322748839704,1.0
906,0.3924261739959499,0.5202618651725165,1.0
907,0.8076919864014507,0.664894500706917,1.0
908,0.29259767401010595,0.5835714737888545,1.0
909,0.5493982108791464,0.4464430475857719,1.0
910,0.42107120018316807,0.6155080880378,1.0
911,0.6211078266497014,0.5080850091752056,1.0
912,0.6156848645780901,0.4808638398583163,1.0
913,0.3728508528773672,0.6026150839236738,1.0
914,0.4855361599493643,0.44984798542742993,1.0
915,0.6397154090033433,0.41864684477976544,1.0
916,0.41719294326891465,0.40618510130165353,1.0
917,0.2922611899309441,0.7438347927871811,1.0
918,0.5232843641191974,0.41696505420766533,1.0
919,0.4614283847407924,0.6238431345003163,1.0
920,0.5903745701161723,0.38697134777627473,1.0
921,0.45532202791191034,0.36083218517304894,1.0
922,0.23629929125082122,0.38904115350566965,1.0
923,0.45415065394649334,0.6353137251852569,1.0
924,0.43291424409763013,0.5535146537968892,1.0
925,0.5113731712751935,0.39168026526591154,1.0
926,0.4915257553849382,0.6371842110785542,1.0
927,0.5620197897680486,0.5049352766532595,1.0
928,0.5655592807563932,0.6254652351134774,1.0
929,0.36923348435658887,0.21826153179478214,1.0
930,0.3977189812061959,0.5974371274592525,1.0
931,0.4759766226499989,0.5399516555991442,1.0
932,0.5759534675281026,0.6365252381012734,1.0
933,0.44901279006403316,0.5884160629368766,1.0
934,0.19815159368497537,0.5643711960020744,1.0
935,0.4189994042045575,0.46507396115272737,1.0
936,0.5055341978955615,0.45558894178897125,1.0
937,0.4870396496819685,0.44526358162569324,1.0
938,0.3899856871427314,0.5763221176033457,1.0
939,0.5200526704976128,0.6812558425583154,1.0
940,0.3766371988740233,0.3599397876580036,1.0
941,0.755164994783735,0.6692059850179839,1.0
942,0.3719175615363026,0.3686835291514755,1.0
943,0.6356232002068288,0.5642372462521532,1.0
944,0.3772780959917934,0.454597898707296,1.0
945,0.5498316128268627,0.4979548070070762,1.0
946,0.6044000645538248,0.47395156525493964,1.0
947,0.3612539300025126,0.315670932103599,1.0
948,0.2707108582532193,0.4858574375816815,1.0
949,0.430689075187283,0.36964874518312496,1.0
950,0.4613378787017328,0.45791610323094534,1.0
951,0.5674345213083984,0.6133058508376271,1.0
952,0.5339223641703139,0.7018855940616466,1.0
953,0.5322375940529556,0.560685865406723,1.0
954,0.48997855910429355,0.453363866586478,1.0
955,0.47491137945328,0.40774986025166504,1.0
956,0.5080454061784533,0.3176951343300979,1.0
957,0.350259057698023,0.6244650263926946,1.0
958,0.6479569389178774,0.5521093260032375,1.0
959,0.43591086545540314,0.46130756461281386,1.0
960,0.4303462363729842,0.49952774377230397,1.0
961,0.35806022481093447,0.5149954814767116,1.0
962,0.4760776266665421,0.4419586419477554,1.0
963,0.29840068991790425,0.5670845698415494,1.0
964,0.5821730026180195,0.4443537466584952,1.0
965,0.3978041668071746,0.3807796993354309,1.0
966,0.6573451931576496,0.7771887160451576,1.0
967,0.559934488379427,0.5471311488113575,1.0
968,0.45333160540453415,0.4802723284816629,1.0
969,0.45984835486052145,0.39826128171167063,1.0
970,0.46704214175779435,0.4303366986069891,1.0
971,0.38260589982451626,0.46963200399798316,1.0
972,0.5167533383449913,0.6703344020639278,1.0
973,0.49645802963587793,0.6107346593869317,1.0
974,0.33329205436704074,0.5932504829526912,1.0
975,0.5470470257689388,0.4976461707054316,1.0
976,0.5233800086248513,0.48050391255269514,1.0
977,0.5342962289787215,0.30571539063286834,1.0
978,0.6808733105965808,0.5298631732326899,1.0
979,0.2840106092285355,0.5259278723767494,1.0
980,0.5223824203816726,0.49850742332582165,1.0
981,0.4108375810199052,0.5751519863574586,1.0
982,0.5758800810074268,0.609590545830688,1.0
983,0.3670475284640061,0.43791294557950794,1.0
984,0.41025719030667346,0.5518264863735779,1.0
985,0.7223902057759934,0.818256252823854,1.0
986,0.6948528618357799,0.43596227478970495,1.0
987,0.35174741281554445,0.5460120672794594,1.0
988,0.44636644606804327,0.5811232568574951,1.0
989,0.2457936815201871,0.43175066688208386,1.0
990,0.28352720891867134,0.3884798852070501,1.0
991,0.6057327249919908,0.37918054722769057,1.0
992,0.5842327873890496,0.46497971023694007,1.0
993,0.29534273331875965,0.2704687231816776,1.0
994,0.4486836144092087,0.5266754242338942,1.0
995,0.3757815468481648,0.6154979638773445,1.0
996,0.548504111046674,0.5760257613002164,1.0
997,0.6675867454701105,0.48090737166949915,1.0
998,0.5637958061251648,0.5585580120558923,1.0
999,0.5918917794821897,0.4939686654212622,1.0
